{
  "rounds": [
    {
      "round": 1,
      "avg_train_loss": 0.4025768321693177,
      "val_accuracy": 0.5186721991701245,
      "val_loss": 1.077539014556596
    }
  ]
}